"I'm not a Monster",,,
"The Journey Down: Chapter Three",,,
"Monster Prom",,,
"Absolver",,,
"Mutant Year Zero: Road to Eden",,,
"She Remembered Caterpillars",Already owned,,
"Tannenberg",War game,,
"EARTH DEFENSE FORCE 4.1: Blood Storm",,,
"EARTH DEFENSE FORCE 4.1: BM03 Vegalta Gold",,,
"EARTH DEFENSE FORCE 4.1: Depth Crawler Gold Coat",,,
"EARTH DEFENSE FORCE 4.1: Gigantus DCC-Gogo. Marking",,,
"EARTH DEFENSE FORCE 4.1: Gigantus DCC-Zero Marking",,,
"EARTH DEFENSE FORCE 4.1: Gigantus Tank, Bullet Girls Marking",,,
"EARTH DEFENSE FORCE 4.1: Gigantus Tank, EDF IFPS Markings",,,
"EARTH DEFENSE FORCE 4.1: Gigantus Tank, Natsuiro HS Markings",,,
"EARTH DEFENSE FORCE 4.1: Gleipnir",,,
"EARTH DEFENSE FORCE 4.1: Ifrit",,,
"EARTH DEFENSE FORCE 4.1: Mission Pack 1: Time of the Mutants",,,
"EARTH DEFENSE FORCE 4.1: Mission Pack 2: Extreme Battle",,,
"EARTH DEFENSE FORCE 4.1: Pure Decoy Launcher 5 Pack A",,,
"EARTH DEFENSE FORCE 4.1: Pure Decoy Launcher 5 Pack B",,,
"EARTH DEFENSE FORCE 4.1: Reflectron Laser",,,
"EARTH DEFENSE FORCE 4.1: Spark Lancer",,,
"EARTH DEFENSE FORCE 4.1: Sting Shot",,,
"EARTH DEFENSE FORCE 4.1 The Shadow of New Despair",,,
"EARTH DEFENSE FORCE 4.1: Volatile Napalm",,,
"Slipstream",,,
"Tower Unite",,,
"Warhammer: Vermintide 2 - Collector's Edition",,,
"Aaero",,,
"Bleed 2",,,
"Rapture Rejects",,,
"Rapture Rejects - Humble Exclusive \"Safari Outfit\" DLC",,,
"Sniper Elite 3",,,
"Gang Beasts",,,
"THOTH",,,
"Darkside Detective",,,
"Just Cause 3 XXL Edition",,,
">observer_",,,
"Q.U.B.E. 2",,,
"Regions of Ruin",,,
"Wizard of Legend",,,
"Abalone",,,
"Agricola: All Creatures Big and Small",,,
"Colt Express",,,
"Fighting Fantasy Legends",,,
"Fighting Fantasy Legends Portal",,,
"Harald: A Game of Influence",,,
"King and Assassins",,,
"Le Havre: The Inland Port",,,
"Pathfinder Adventures",,,
"Small World 2",,,
"Splendor",,,
"Twilight Struggle",,,
"Alan Wake's American Nightmare",,,
"Animal Super Squad",,,
"Anomaly 2",,,
"Anomaly Defenders",,,
"Anomaly Korea",,,
"Anomaly: Warzone Earth",,,
"Anomaly Warzone Earth Mobile Campaign",,,
"Batalj BETA",,,
"Batalj BETA Friend Key",,,
"Blacksmith",,,
"Blade & Bones",,,
"Board Battlefield",,,
"CardLife: Cardboard Survival",,,
"Chivalry: Medieval Warfare",,,
"Clatter",,,
"Clicker bAdventure",,,
"Convoy",,,
"Deep Dungeons of Doom",,,
"Don't Stand Out",,,
"Dungeon Escape",,,
"Fahrenheit: Indigo Prophecy Remastered",,,
"Freaky Awesome",,,
"The Greater Good",,,
"Grimm & Tonic",,,
"GUILTY GEAR Xrd -SIGN-",,,
"Guns of Icarus Alliance Collector's Edition",,,
"Guns of Icarus Alliance Costume Pack",,,
"Guns of Icarus Alliance Soundtrack",,,
"HackyZack",,,
"The Haunting of Billy",,,
"Hello Pollution!",,,
"Hyperdrive Massacre",,,
"In memory of TITAN",,,
"Jurassic World Evolution - Ankylosaurus skin (Vivid Variant)",,,
"Kabounce",,,
"Lakeview Cabin Collection",,,
"Last Encounter",,,
"Lost in the Dungeon",,,
"LostWinds 2: Winter of the Melodias",,,
"LOVE",,,
"Marvin's Mittens",,,
"Match Point",,,
"Mindball Play",,,
"No Time To Explain Remastered",,,
"Perfect Heist",,,
"Pizza Titan Ultra",,,
"Race The Sun",,,
"R-COIL",,,
"Road Doom",,,
"Slime-san",,,
"Sorcery! Part 3",,,
"Space Pilgrim Episode 1: Alpha Centauri",,,
"SPLASH BLAST PANIC",,,
"Splotches",,,
"Squidlit",,,
"Super Steampunk Pinball 2D",,,
"Sure Footing",,,
"Switchblade Epic Pack DLC",,,
"Switchblade Starter Pack",,,
"Temple of Xiala",,,
"Throne of Lies The Online Game of Deceit",,,
"Tower 57",,,
"Tross",,,
"Unit 4",,,
"VoidExpanse",,,
"Warhammer: End Times - Vermintide",,,
"Westerado: Double Barreled",,,
"Wizorb",,,
"Zero G Arena",,,
"Cities: Skylines + After Dark DLC",,,
"Immortal Redneck",,,
"NeuroVoider",,,
"Purrfect Date - Visual Novel/Dating Simulator",,,
"Seven: The Days Long Gone",,,
"Zombie Army Trilogy",,,
"The Dwarves",,,
"Hard Reset Redux",,,
"HITMAN™: THE COMPLETE FIRST SEASON",,,
"Resident Evil Revelations",,,
"Saints Row IV Game of the Century Edition",,,
"Sniper Elite",,,
"Sniper Elite V2",,,
"American Truck Simulator",,,
"Dungeons 3",,,
"Old Man's Journey",,,
"We Were Here Too",,,
"Carcassonne - Tiles & Tactics",,,
"Pathfinder Adventures",,,
"Sentinels of the Multiverse",,,
"Sentinels of the Multiverse - Shattered Timelines",,,
"Talisman - The Dungeon Expansion",,,
"Talisman - The Highland Expansion",,,
"Talisman: Digital Edition",,,
"Ticket to Ride - Complete Bundle",,,
"Battle Chef Brigade",,,
"Darksiders II: Deathinitive Edition",,,
"Little Nightmares",,,
"Zombie Night Terror",,,
"Conan Exiles",,,
"The Escapists 2",,,
"Forged Battalion",,,
"Pathologic Classic HD",,,
"Sudden Strike 4",,,
"Blackwake",,,
"Hearts of Iron IV",,,
"Interplanetary: Enhanced Edition",,,
"Shiness: The Lightning Kingdom",,,
"Titan Quest: Anniversary Edition + Titan Quest: Ragnarok DLC",,,
"Anna's Quest",,,
"Bounty Train",,,
"Caravan",,,
"Deponia Doomsday",,,
"Deponia Doomsday Soundtrack",,,
"The Long Journey Home",,,
"Memoria Soundtrack",,,
"Silence",,,
"Acceleration of SUGURI 2",,,
"Cook, Serve, Delicious! 2!!",,,
"Styx: Shards of Darkness",,,
"Crazy Machines 3",,,
"Jalopy",,,
"Kerbal Space Program",,,
"Moon Hunters",,,
"RUINER",,,
"Deus Ex: Mankind Divided",,,
"GOD EATER 2 Rage Burst",,,
"Lara Croft GO",,,
"Mafia III",,,
"Mafia III: Sign of the Times",,,
"Outlast 2",,,
"Aviary Attorney",,,
"DARK SOULS™ III",,,
"DARK SOULS™ III - Ashes of Ariandel™",,,
"Holy Potatoes! We're in Space?!",,,
"Lost Castle",,,
"Overgrowth",,,
"Splasher",,,
"The Gallery - Episode 1: Call of the Starseed",,,
"ALICE VR",,,
"Life is Strange Complete Season (Episodes 1-5)",,,
"Cursed Castilla (Maldita Castilla EX)",,,
"The Long Dark",,,
"Mr. Shifty",,,
"Sleeping Dogs",,,
"Warhammer 40,000: Dawn of War III",,,
"All-Star Fruit Racing - Yogscast Car DLC",,,
"Auto Age: Standoff",,,
"Awesomenauts Yogscast Pack - Coco Nebulon",,,
"Awesomenauts Yogscast Pack - Max Focus",,,
"Awesomenauts Yogscast Pack - Skolldir",,,
"Awesomenauts Yogscast Pack - Ted McPain",,,
"Back to Bed",,,
"Battle Riders",,,
"Battlerite DLC: YogYog Bear Mount",,,
"Bezier",,,
"Blockstorm",,,
"Bomb Defense",,,
"Caveblazers - Arena Mode DLC",,,
"Chainsaw Warrior",,,
"Chivalry: Medieval Warfare",,,
"Cities: Skylines - Snowfall",,,
"ClusterPuck 99",,,
"Cosmonautica",,,
"Crusaders of the Lost Idols - Elite Starter Pack",,,
"Deep Dungeons of Doom",,,
"Dimension Jump",,,
"Distrust",,,
"Dreaming Sarah",,,
"Dungeon of the Endless",,,
"F.E.X (Forced Evolution Experiment)",,,
"Figment Soundtrack",,,
"Filthy, Stinking, Orcs",,,
"Gangs of Space Jingle Jam Pack",,,
"Garry's Mod",,,
"Gunpoint",,,
"Guns of Icarus Alliance",,,
"Guns of Icarus Alliance Soundtrack",,,
"Guns of Icarus Alliance Yogscast 2017 Costume Pack",,,
"Gurgamoth",,,
"Headlander",,,
"Idle Champions of the Forgotten Realms -- Celeste Starter Pack",,,
"The Inner World",,,
"Intelligent Design: An Evolutionary Sandbox",,,
"Lion Quest",,,
"Master Spy",,,
"Mimic Arena",,,
"Mirage: Arcane Warfare",,,
"NASCAR Heat 2 - October Jumbo Expansion",,,
"Offensive Combat: Redux!",,,
"On Rusty Trails",,,
"Painters Guild",,,
"Psychonauts",,,
"Q.U.B.E: Director's Cut",,,
"Scanner Sombre",,,
"Spectrum",,,
"SuperLuminauts",,,
"Tales from Candlekeep: Tomb of Annihilation - Asharra’s Diplomat Pack",,,
"Tales from Candlekeep: Tomb of Annihilation - Birdsong’s Entertainer Pack",,,
"Tales from Candlekeep: Tomb of Annihilation - Dragonbait’s Dungeoneer Pack",,,
"Tales from Candlekeep: Tomb of Annihilation - Tales of Artus Cimber’s Explorer Pack",,,
"Team Fortress 2 badges - Mandrew's Munificent Mug and Israphel's Eleemosynary Expression",,,
"Teslagrad",,,
"Tiltagon",,,
"Toy Odyssey: The Lost and Found",,,
"War for the Overworld - Yogscast Worker Skin",,,
"Warhammer: Vermintide Dwarf Helmet DLC",,,
"Wasted Pizza",,,
"Zero Reflex: Black Eye Edition",,,
"ARMA Gold Edition",,,
"Darkest Dungeon",,,
"DUCKGAME",,,
"Fearless Fantasy",,,
"Grey Goo",,,
"The Incredible Adventures of Van Helsing",,,
"Jump Stars",,,
"Kholat",,,
"Lakeview Cabin Collection",,,
"Machinarium Collector's Edition",,,
"Magicka",,,
"Mighty No. 9",,,
"Minecraft: Story Mode - A Telltale Games Series",,,
"No Time To Explain Remastered",,,
"The Park",,,
"Primal Carnage: Extinction",,,
"Psychonauts",,,
"Shadowrun Returns",,,
"Sorcerer King: Rivals",,,
"Stardew Valley",,,
"Stronghold Legends: Steam Edition",,,
"BlazBlue: Chronophantasma Extend",,,
"H1Z1",,,
"STRAFE: Millennium Edition",,,
"Caveblazers",,,
"The Flame in the Flood",,,
"Verdun",,,
"Warhammer: End Times - Vermintide",,,
"Warhammer: End Times - Vermintide Drachenfels DLC",,,
"Warhammer: End Times - Vermintide Item: Razorfang Poison",,,
"Duck Game",,,
"Glittermitten Grove",,,
"Volgarr the Viking",,,
"Wasted",,,
"Westerado: Double Barreled",,,
"A Story About My Uncle",,,
"Goat Simulator: GOATY",,,
"Kentucky Route Zero",,,
"Neon Drive (Steam)",,,
"Steamworld Heist",,,
"Windward",,,
"Ziggurat",,,
"Eon Altar Episode 1",,,
"Primal Carnage: Extinction",,,
"Rampage Knights",,,
"2064: Read Only Memories",,,
"7 Grand Steps",,,
"A Virus Named Tom",,,
"AI War: Fleet Command",,,
"Ballistick",,,
"Beat Hazard Ultra",,,
"Chroma Squad",,,
"Dangerous High School Girls in Trouble",,,
"Day of the Tentacle",,,
"Double Fine Adventure Documentary",,,
"Dusty Revenge: Co-Op Edition",,,
"Ellipsis",,,
"GRAV (Early Access)",,,
"Guns of Icarus Online",,,
"Hand of Fate",,,
"JumpJet Rex",,,
"Luna's Wandering Stars",,,
"Monster Loves You",,,
"No Time to Explain",,,
"Octodad Dadliest Catch",,,
"Overgrowth Steam key",,,
"Potatoman Seeks the Troof",,,
"Q.U.B.E: Director's Cut",,,
"Retro Game Crunch",,,
"Robot Roller-Derby Disco Dodgeball",,,
"Rocket Birds: Hardboiled Chicken",,,
"ROCKETSROCKETSROCKETS",,,
"Secrets of Raetikon",,,
"shutshimi",,,
"Sproggiwood",,,
"Streamline Early Access",,,
"Super Galaxy Squadron EX",,,
"Super Hexagon",,,
"Super Meat Boy",,,
"The Swapper",,,
"System Shock Pack",,,
"Thirty Flights of Loving",,,
"Tower of Guns",,,
"VVVVVV",,,
"World of Goo",,,
"Dungeons 2",,,
"Legend of Grimrock 2",,,
"The Secret World",,,
"Galak-Z",,,
"Lethal League",,,
"Magicka 2",,,
"Shadowrun Chronicles - Boston Lockdown",,,
"Shadowrun: Dragonfall Director's Cut",,,
"Shadowrun Returns",,,
"TransOcean: The Shipping Company",,,
"WARMACHINE Tactics",,,
"WARMACHINE Tactics - Mercenaries Faction Bundle",,,
"Trine 2: Complete Story",,,
"Always Sometimes Monsters",,,
"Broken Sword 5: The Serpent's Curse",,,
"Stacking",,,
"Syberia",,,